Latitude,Longitude,Nearest Hub,Distance (km)
30.704418817895,76.799736963917,A,4.516563978589101
30.7421063377552,76.7856015573775,B,2.572327279832021
30.7336950263298,76.8099000750624,A,2.755137355623311
30.7042138788363,76.8015838897603,A,4.147176779815389
30.7420267288751,76.8211245193747,A,5.6888231059358905
30.7563216315655,76.7695262653187,B,1.4032413611521901
30.7334281373279,76.7788745809552,A,1.6417211663899172
30.7370194762002,76.7794380097661,A,2.4222662200101146
30.7379549753576,76.8016691827756,A,2.439818974263039
30.7599499785483,76.7704678381086,B,2.5340025852931385
30.7233043872084,76.7708247932758,A,2.4343590369323946
30.7415736240925,76.7849792406101,B,2.572327279832021
30.7432259179122,76.795463682588,A,3.1237903539149405
30.7432498969167,76.8226190437037,A,5.6888231059358905
30.756735394365,76.7924979875652,B,3.0415993263901866
30.7512598474261,76.813358036216,A,4.666859392085434
30.7187738292444,76.7709502181327,D,3.0772661722774854
30.7412922275426,76.7973822550048,A,2.8103924437842283
30.7572274193723,76.8125804424147,A,5.736385636811198
30.7370892290493,76.7849775589104,A,2.0953011237297092
30.7486785313343,76.8090847680613,A,3.9363862991203615
30.757876879399,76.7663869271138,B,1.4120839091628155
30.7399739327448,76.7874621368447,A,2.6748215328227465
30.7563375809768,76.7700118248193,B,1.4032413611521901
30.7238628890631,76.766537355881,A,3.3995742084233243
30.7536698879361,76.8061138086978,B,4.884491459553382
30.7242334571472,76.7637713708575,B,3.439420306183364
30.7577792403523,76.7701238197554,B,1.6206288986576074
30.720355581844,76.7654635702264,D,3.1836576944079007
30.7614935648105,76.7647224401756,B,1.6225938079695388
30.7028810935159,76.7964779555404,A,4.550709269350491
30.7361129951645,76.8177212014191,A,3.749437410696456
30.7444999623054,76.7958128236467,A,3.302218879125191
30.7077871896173,76.8025354082173,A,4.051265976586806
30.7100578020524,76.8013404906108,A,3.635841388180547
30.7523838685649,76.8132218110392,A,5.15473760379242
30.7648079699692,76.7632451619514,B,2.1634517864444547
30.7404153901324,76.7852758129992,B,2.3986028641975543
30.7220291927412,76.7691992271018,D,3.476380582877915
30.7372369780515,76.7959864778772,A,2.240364868359214
30.7373197367203,76.7942785715678,A,2.180553840673976
30.7434712547444,76.7870681463662,B,2.4877912659141623
30.7393043706748,76.8202256109839,A,3.749437410696456
30.7370465921126,76.779340739724,A,2.4222662200101146
30.7521614080938,76.7848241270197,B,2.8990076000948344
30.7226541728292,76.7686120624472,A,3.4766733920467905
30.7092048931436,76.8024161250153,A,3.7147341668437
30.7410485057695,76.8232362988329,A,5.6888231059358905
30.7579136775239,76.793773152565,B,3.289254084557914
30.7426797970313,76.8209009343514,A,5.6888231059358905
30.7234756035699,76.767733501667,A,3.390868217487685
30.7561756497244,76.7660455824625,B,1.1568659654354387
30.750224675634,76.8065197892228,A,4.259611342566976
30.738308142304,76.7988674817998,A,2.3457234427230125
30.7398028687019,76.7855637041897,B,2.3986028641975543
30.7411050304486,76.8026464355129,A,2.896191653522778
30.7393985576528,76.7835961623989,B,2.343116297659419
30.7564658522368,76.7915028207615,B,2.8861817827483054
30.7409299483693,76.8080876974619,A,3.1254440015779323
30.763550202245,76.7634676490053,B,2.1634517864444547
30.7020667792312,76.796934253332,A,4.7614942831543265
30.7405996364248,76.8000835503713,A,2.96671407666086
30.7427654155538,76.7849758424365,B,2.189873766789137
30.7426147872582,76.7957254051673,A,3.0978181167611556
30.7230613158316,76.7669049740903,A,3.504737218027399
30.7216918779719,76.7667439694435,D,3.405866243576017
30.7367213699527,76.8208182468542,A,4.412604325396345
30.7032399223896,76.8001614992998,A,4.516563978589101
30.7093450024018,76.7968529443884,A,3.5343654694197695
30.7411164660408,76.7855815086056,B,2.572327279832021
30.7449386756768,76.7855452195581,B,2.271305305780378
30.741247001076,76.7972469532557,A,2.842969363629936
30.7436280028981,76.7860257376328,B,2.4877912659141623
30.7560109202828,76.7639174235595,B,1.2227179631547798
30.7370355766648,76.8004406918599,A,2.258677815575941
30.7478121345589,76.8129058665862,A,4.408825577689486
30.740970943832,76.8049801666497,A,3.1661904050127054
30.7429361643157,76.8012397091331,A,3.1710118460175907
30.7596220865753,76.7693223012031,B,1.6206288986576074
30.7535896719783,76.7883976223963,B,2.6511228361397245
30.7387881285182,76.807615625034,A,3.1570969145950416
30.7367202511749,76.7842856737456,A,2.0953011237297092
30.7609997530981,76.7693582275614,B,2.886957739226618
30.7189382325252,76.7711158545717,D,3.0772661722774854
30.7646610912308,76.7633920739951,B,2.1634517864444547
30.7531901143203,76.8083376759712,B,4.884491459553382
30.7593864056166,76.7902126768311,B,2.7785677235901622
30.7448837705041,76.7829327916204,B,2.049370867084536
30.7443264822913,76.7851515784797,B,2.169182626525916
30.755118781892,76.814629395133,A,5.537061383987461
30.7422897992942,76.7803735137133,B,1.9821133864851712
30.7339952054926,76.7834512805904,A,1.5331943695381411
30.7431857061599,76.8013137625368,A,3.1710118460175907
30.7530540686647,76.8076121117444,B,4.884491459553382
30.7391483948341,76.822898494471,A,4.412604325396345
30.7385905569396,76.8048633838458,A,2.7741509480379984
30.7380013445167,76.7845441576177,A,2.1710896874098977
30.752625266833,76.7873630770556,B,2.792501615018657
30.7583924167179,76.7875999020538,B,2.547881187139861
30.7611380692974,76.7633924989882,B,1.6225938079695388
